ID        	Name                	PhotoUrl
115386091 	Alexander Garrett   	https://randomuser.me/api/portraits/men/96.jpg
741900464 	Ramona Howard       	https://randomuser.me/api/portraits/women/62.jpg
664935211 	Jamie Berry         	https://randomuser.me/api/portraits/women/33.jpg
587137206 	Kristina James      	https://randomuser.me/api/portraits/women/39.jpg
375188541 	Dwight Evans        	https://randomuser.me/api/portraits/men/25.jpg
242800019 	Caroline Wagner     	https://randomuser.me/api/portraits/women/83.jpg
851399090 	Jamie West          	https://randomuser.me/api/portraits/women/25.jpg
789475327 	Sherri Sullivan     	https://randomuser.me/api/portraits/women/69.jpg
453050612 	Dana Jacobs         	https://randomuser.me/api/portraits/women/73.jpg
531877010 	Louis Meyer         	https://randomuser.me/api/portraits/men/58.jpg
